{"cameraMode":{"drawMode":0,"name":"Shaded","section":"Shading Mode"},"sceneLighting":true,"audioPlay":false,"sceneViewState":{"showFog":true,"showMaterialUpdate":false,"showSkybox":true,"showFlares":true,"showImageEffects":true,"showParticleSystems":true,"showVisualEffectGraphs":true,"m_FxEnabled":true},"in2DMode":false,"pivot":{"x":-19.065773010253908,"y":5.554265975952148,"z":-28.256519317626954},"rotation":{"x":0.048149410635232928,"y":0.9480697512626648,"z":-0.17458689212799073,"w":0.2614687979221344},"size":24.519933700561525,"orthographic":false}